[Header],,,,,,,,,
IEMFileVersion,5,,,,,,,,
Date,7/30/2020,,,,,,,,
Workflow,GenerateFASTQ,,,,,,,,
Application,FASTQ Only,,,,,,,,
Instrument Type,MiSeq,,,,,,,,
Assay,Nextera DNA,,,,,,,,
Index Adapters,"Nextera Index Kit (24 Indexes, 96 Samples)",,,,,,,,
Description,,,,,,,,,
Chemistry,Amplicon,,,,,,,,
,,,,,,,,,
[Reads],,,,,,,,,
76,,,,,,,,,
76,,,,,,,,,
,,,,,,,,,
[Settings],,,,,,,,,
ReverseComplement,0,,,,,,,,
Adapter,CTGTCTCTTATACACATCT,,,,,,,,
,,,,,,,,,
[Data],,,,,,,,,
Sample_ID,Sample_Name,Sample_Plate,Sample_Well,I7_Index_ID,index,I5_Index_ID,index2,Sample_Project,Description
wenku1,,,,D701,ATTACTCG,D504,GGCTCTGA,,
wenku2,,,,D702,TCCGGAGA,D504,GGCTCTGA,,
wenku3,,,,D703,CGCTCATT,D504,GGCTCTGA,,
wenku4,,,,D704,GAGATTCC,D504,GGCTCTGA,,
wenku5,,,,D705,ATTCAGAA,D504,GGCTCTGA,,
